codon	tRNA_abundance
AAA	82386
AAC	110849
AAG	83036
AAT	70943.36
ACA	47598
ACC	36396.16
ACG	16861
ACT	56869
AGA	98864
AGC	61334
AGG	12911
AGT	39253.76
ATA	39556
ATC	67769.6
ATG	67121
ATT	105890
CAA	89917
CAC	81702
CAG	9990.777778
CAT	52289.28
CCA	112091
CCC	11043.84
CCG	71738.24
CCT	17256
CGA	36380.4
CGC	38169.6
CGG	15330
CGT	59640
CTA	63675
CTC	13613
CTG	40752
CTT	8712.32
GAA	121285
GAC	105539
GAG	8663.214286
GAT	67544.96
GCA	26087
GCC	41927.04
GCG	16695.68
GCT	65511
GGA	61092
GGC	70286
GGG	21404
GGT	44983.04
GTA	33845
GTC	56675.84
GTG	44651
GTT	88556
TAC	91388
TAT	58488.32
TCA	58804
TCC	58654.72
TCG	49376
TCT	91648
TGC	84453
TGG	60236
TGT	54049.92
TTA	49562
TTC	81287
TTG	96605
TTT	52023.68
