codon	Weinberg_dwell_time
AAA	0.978243
AAC	0.6898425
AAG	1.0943089
AAT	0.7078108
ACA	1.3252482
ACC	0.6976534
ACG	1.7572598
ACT	0.692477
AGA	1.1308364
AGC	1.1973314
AGG	1.939357
AGT	0.9498069
ATA	1.394014
ATC	0.7039792
ATG	0.8415256
ATT	0.6284445
CAA	0.8659004
CAC	0.9154641
CAG	1.6325536
CAT	0.9922004
CCA	1.0842912
CCC	1.3106768
CCG	3.1205299
CCT	1.0239082
CGA	3.6442612
CGC	1.6633606
CGG	4.0202765
CGT	1.0459032
CTA	0.9165169
CTC	1.1024675
CTG	1.4565058
CTT	0.9176823
GAA	0.9358888
GAC	0.9749501
GAG	1.3490997
GAT	0.9771609
GCA	1.4224238
GCC	0.6982879
GCG	1.7913012
GCT	0.7439787
GGA	1.5260655
GGC	1.4416823
GGG	1.7256386
GGT	1.0667916
GTA	0.9784524
GTC	0.6841453
GTG	1.2778867
GTT	0.6336201
TAC	0.9352348
TAT	0.8397308
TCA	1.0015308
TCC	0.7072965
TCG	1.3549748
TCT	0.6624122
TGC	1.3124677
TGG	1.7898831
TGT	0.8129126
TTA	0.7272969
TTC	0.6956495
TTG	0.7904184
TTT	0.686277
